age,bmi,glucose_level,blood_pressure,insulin,skin_thickness,genetic_risk_score,exercise_frequency,family_history,diabetes_diagnosis
27,21.8,106.0,132.0,48.0,20.0,5,Low,False,Negative
56,28.8,126.0,81.0,79.0,26.0,8,Low,True,Positive
43,26.8,116.0,87.0,72.0,20.0,7,Low,True,Positive
48,29.3,121.0,146.0,43.0,27.0,7,Low,True,Positive
41,34.0,101.0,146.0,27.0,25.0,5,High,False,Negative
49,26.8,80.0,72.0,5.0,19.0,4,Sedentary,False,Negative
43,24.2,124.0,164.0,50.0,20.0,6,High,False,Negative
57,30.2,102.0,85.0,74.0,33.0,6,High,True,Negative
53,26.8,70.0,67.0,75.0,21.0,4,Sedentary,False,Negative
62,50.6,145.0,155.0,649.0,40.0,9,Low,True,Positive
36,32.2,79.0,87.0,5.0,18.0,5,Low,True,Positive
67,31.0,128.0,118.0,14.0,18.0,6,Low,False,Positive
38,25.0,122.0,86.0,58.0,37.0,7,Low,True,Positive
44,25.2,106.0,66.0,110.0,20.0,5,High,True,Positive
46,28.6,92.0,122.0,33.0,23.0,5,High,False,Negative
46,24.0,102.0,75.0,57.0,17.0,4,Low,False,Positive
41,28.5,107.0,147.0,38.0,26.0,5,High,False,Negative
40,27.3,106.0,71.0,21.0,32.0,9,Low,True,Positive
54,23.5,153.0,89.0,33.0,23.0,5,Sedentary,False,Negative
45,31.5,114.0,83.0,73.0,43.0,7,Low,True,Positive
42,28.0,88.0,72.0,5.0,18.0,5,Low,True,Positive
39,30.4,105.0,116.0,44.0,24.0,5,High,True,Negative
53,29.5,98.0,126.0,29.0,23.0,5,Low,False,Negative
50,31.5,109.0,72.0,34.0,22.0,6,High,True,Positive
24,30.3,108.0,92.0,52.0,30.0,7,High,True,Positive
48,26.1,118.0,150.0,45.0,28.0,5,Moderate,False,Negative
64,30.6,218.0,139.0,5.0,27.0,8,Low,True,Negative
47,27.0,111.0,121.0,5.0,43.0,5,Low,True,Positive
32,27.4,108.0,135.0,46.0,19.0,5,Low,False,Negative
33,21.8,105.0,137.0,25.0,25.0,5,High,False,Negative
55,50.6,180.0,126.0,74.0,37.0,9,Low,True,Positive
47,28.7,113.0,79.0,63.0,23.0,6,High,True,Negative
40,25.0,109.0,80.0,71.0,24.0,6,High,False,Negative
34,31.2,136.0,78.0,12.0,28.0,7,Low,True,Positive
34,25.8,179.0,142.0,5.0,30.0,6,Low,False,Positive
54,25.7,100.0,88.0,70.0,26.0,6,High,False,Negative
60,27.4,102.0,77.0,74.0,15.0,4,High,True,Positive
40,26.3,111.0,80.0,76.0,29.0,5,High,True,Negative
39,29.1,101.0,85.0,44.0,27.0,6,High,True,Negative
42,30.2,126.0,69.0,24.0,42.0,7,Low,True,Positive
41,24.6,100.0,130.0,72.0,25.0,6,Low,True,Negative
24,24.1,93.0,85.0,18.0,19.0,5,Low,False,Negative
50,30.0,92.0,86.0,12.0,37.0,7,Low,True,Positive
67,27.9,130.0,79.0,68.0,40.0,7,Low,True,Positive
52,23.5,164.0,140.0,62.0,29.0,6,Sedentary,False,Negative
45,28.7,80.0,85.0,74.0,23.0,5,High,True,Negative
37,29.9,120.0,89.0,76.0,22.0,6,High,True,Negative
52,47.5,174.0,77.0,607.0,41.0,9,Low,True,Positive
60,26.2,152.0,150.0,54.0,26.0,6,Sedentary,False,Negative
49,31.8,149.0,129.0,61.0,22.0,6,Sedentary,True,Positive
40,27.4,119.0,116.0,17.0,21.0,5,Sedentary,False,Negative
44,30.7,95.0,78.0,60.0,23.0,7,Low,True,Positive
32,26.6,86.0,77.0,49.0,17.0,5,Low,True,Positive
51,26.4,68.0,64.0,57.0,19.0,5,Sedentary,False,Negative
43,21.3,86.0,65.0,34.0,9.0,4,Low,False,Positive
54,31.2,115.0,141.0,59.0,30.0,8,Low,True,Positive
42,28.0,109.0,118.0,24.0,18.0,5,Low,True,Negative
47,42.3,137.0,139.0,41.0,50.0,9,Low,True,Positive
51,28.2,106.0,63.0,5.0,20.0,5,High,False,Negative
66,26.6,119.0,126.0,9.0,25.0,6,Sedentary,False,Negative
47,24.3,86.0,144.0,13.0,20.0,6,Low,True,Negative
62,31.4,138.0,75.0,78.0,22.0,7,Low,True,Positive
52,28.6,100.0,127.0,38.0,20.0,6,High,True,Positive
29,31.6,91.0,78.0,39.0,32.0,7,Low,True,Positive
44,26.7,89.0,120.0,39.0,10.0,5,Low,False,Negative
49,28.1,96.0,149.0,23.0,29.0,6,High,False,Negative
59,44.8,182.0,137.0,59.0,49.0,9,Low,True,Positive
43,40.9,162.0,141.0,33.0,49.0,6,Low,False,Negative
60,33.3,147.0,129.0,69.0,25.0,8,Low,True,Positive
44,26.2,106.0,113.0,39.0,26.0,6,Low,True,Positive
73,26.8,156.0,90.0,35.0,27.0,7,Sedentary,False,Positive
42,32.8,89.0,82.0,23.0,20.0,6,High,True,Negative
57,26.5,173.0,73.0,32.0,44.0,7,Low,True,Positive
47,27.6,94.0,77.0,33.0,18.0,5,Low,False,Negative
51,29.1,98.0,127.0,65.0,24.0,5,High,False,Negative
34,25.0,183.0,132.0,95.0,41.0,7,Low,True,Positive
29,30.6,99.0,128.0,35.0,20.0,5,High,False,Negative
44,27.6,118.0,60.0,77.0,7.0,3,Low,True,Positive
42,32.8,123.0,82.0,67.0,25.0,7,High,True,Positive
58,27.3,137.0,90.0,12.0,19.0,5,Sedentary,False,Negative
35,27.0,87.0,147.0,41.0,29.0,5,Sedentary,False,Negative
43,25.5,80.0,126.0,28.0,19.0,5,Moderate,False,Negative
32,27.8,116.0,92.0,75.0,21.0,7,High,True,Positive
31,22.8,90.0,71.0,36.0,19.0,5,Low,True,Positive
52,28.2,90.0,83.0,43.0,14.0,5,Low,True,Positive
49,33.0,127.0,83.0,92.0,22.0,7,Low,True,Positive
38,29.5,98.0,134.0,67.0,16.0,5,Moderate,False,Negative
35,23.0,120.0,146.0,80.0,13.0,6,Low,False,Negative
55,58.7,147.0,164.0,75.0,60.0,8,Low,True,Positive
45,45.8,132.0,73.0,77.0,38.0,9,Low,True,Positive
48,32.0,146.0,146.0,50.0,43.0,7,Low,True,Positive
57,28.3,106.0,118.0,94.0,49.0,7,Low,True,Positive
49,27.0,110.0,141.0,65.0,24.0,6,High,True,Negative
47,50.2,186.0,160.0,20.0,56.0,9,Low,True,Positive
25,24.4,100.0,125.0,17.0,19.0,5,Low,False,Negative
65,23.7,111.0,80.0,70.0,23.0,5,High,False,Negative
53,29.1,138.0,142.0,73.0,24.0,8,Low,True,Positive
45,43.9,128.0,74.0,33.0,29.0,9,Low,True,Positive
52,24.0,98.0,119.0,61.0,13.0,5,Low,True,Positive
52,55.5,167.0,79.0,65.0,37.0,9,Low,True,Positive
58,31.8,122.0,91.0,95.0,29.0,5,High,False,Negative
62,32.9,110.0,73.0,124.0,23.0,6,High,False,Positive
70,30.4,99.0,130.0,13.0,31.0,7,Low,True,Positive
45,29.9,161.0,125.0,113.0,30.0,5,High,False,Negative
59,43.0,153.0,129.0,55.0,53.0,9,Sedentary,False,Negative
61,29.6,124.0,130.0,80.0,24.0,7,Low,True,Positive
49,46.8,120.0,138.0,5.0,29.0,5,Sedentary,False,Negative
56,29.0,145.0,96.0,43.0,44.0,9,Low,True,Positive
44,23.9,104.0,142.0,5.0,24.0,5,Sedentary,False,Negative
65,31.9,133.0,140.0,70.0,37.0,7,Low,True,Positive
66,24.5,106.0,128.0,5.0,20.0,5,High,False,Negative
60,25.0,160.0,83.0,27.0,13.0,5,Sedentary,False,Negative
38,31.1,119.0,79.0,33.0,24.0,7,High,True,Positive
43,30.8,71.0,64.0,30.0,17.0,4,Low,False,Negative
38,29.1,90.0,126.0,38.0,25.0,5,Low,False,Negative
53,24.6,74.0,66.0,5.0,24.0,4,Sedentary,False,Negative
62,32.8,133.0,143.0,52.0,33.0,5,Sedentary,False,Negative
59,25.2,88.0,131.0,16.0,19.0,5,Sedentary,False,Negative
53,20.9,84.0,72.0,27.0,12.0,4,High,False,Negative
24,27.0,95.0,126.0,34.0,21.0,5,Low,False,Negative
44,27.6,122.0,79.0,12.0,20.0,5,Sedentary,False,Negative
28,19.6,102.0,135.0,12.0,25.0,5,High,False,Negative
47,30.9,106.0,144.0,31.0,28.0,6,Moderate,True,Negative
55,30.6,113.0,72.0,32.0,10.0,5,Low,False,Positive
52,27.6,102.0,131.0,50.0,18.0,5,Low,False,Negative
88,19.5,150.0,78.0,45.0,11.0,3,Sedentary,False,Positive
53,36.1,159.0,137.0,11.0,24.0,8,Sedentary,True,Negative
34,26.9,104.0,136.0,50.0,22.0,5,Sedentary,False,Negative
44,23.5,111.0,64.0,23.0,22.0,6,High,False,Negative
72,32.3,92.0,131.0,17.0,21.0,6,High,True,Negative
37,26.1,123.0,129.0,12.0,28.0,6,Sedentary,False,Negative
45,28.3,118.0,144.0,34.0,30.0,8,Low,True,Negative
57,25.5,116.0,129.0,31.0,25.0,6,Moderate,True,Negative
40,30.9,105.0,71.0,5.0,21.0,5,Low,True,Positive
47,33.2,106.0,70.0,37.0,19.0,5,Low,True,Positive
56,29.6,129.0,85.0,100.0,33.0,6,Low,True,Negative
57,34.7,125.0,157.0,51.0,38.0,8,High,True,Negative
66,42.7,183.0,141.0,73.0,35.0,8,Sedentary,True,Positive
39,26.9,92.0,71.0,56.0,28.0,5,Sedentary,False,Negative
43,29.1,92.0,78.0,55.0,13.0,5,Low,True,Positive
40,45.2,187.0,82.0,881.0,50.0,9,Low,True,Positive
26,29.6,94.0,69.0,29.0,29.0,5,Low,True,Positive
43,32.3,120.0,120.0,5.0,24.0,6,Low,True,Positive
42,28.1,118.0,80.0,37.0,22.0,7,Low,True,Positive
42,26.7,72.0,79.0,5.0,22.0,5,Sedentary,False,Negative
59,22.7,126.0,74.0,16.0,18.0,3,Sedentary,False,Negative
35,42.7,176.0,88.0,6.0,48.0,9,Low,True,Positive
50,29.8,99.0,133.0,23.0,27.0,5,Moderate,False,Negative
47,29.8,135.0,130.0,12.0,31.0,6,Low,True,Positive
44,33.7,119.0,127.0,31.0,25.0,8,Sedentary,True,Negative
48,51.0,194.0,143.0,547.0,50.0,9,Low,True,Positive
39,30.0,96.0,75.0,37.0,19.0,5,Low,True,Positive
37,30.4,120.0,126.0,44.0,33.0,8,Low,True,Positive
51,26.6,97.0,83.0,30.0,18.0,5,Low,True,Positive
68,27.0,176.0,148.0,44.0,25.0,8,Low,True,Positive
57,27.1,73.0,78.0,77.0,24.0,5,High,False,Negative
43,30.9,106.0,80.0,53.0,19.0,5,Sedentary,False,Negative
45,44.1,135.0,121.0,817.0,44.0,8,Low,True,Positive
64,29.4,121.0,137.0,28.0,19.0,8,Low,True,Negative
40,25.0,85.0,128.0,15.0,27.0,5,High,False,Negative
31,32.0,107.0,138.0,21.0,24.0,5,Low,False,Negative
40,25.1,181.0,161.0,54.0,21.0,6,Sedentary,False,Negative
59,28.3,110.0,64.0,86.0,26.0,7,High,True,Positive
45,21.8,119.0,69.0,78.0,16.0,4,Low,True,Positive
43,29.1,174.0,131.0,55.0,25.0,6,Sedentary,True,Negative
47,28.2,80.0,116.0,34.0,20.0,5,Low,False,Negative
33,24.2,92.0,133.0,69.0,25.0,5,High,False,Negative
53,30.6,111.0,129.0,48.0,20.0,6,High,True,Negative
46,29.6,129.0,79.0,77.0,25.0,7,High,True,Positive
54,28.0,125.0,74.0,12.0,30.0,5,Sedentary,False,Negative
46,27.1,85.0,60.0,45.0,20.0,5,High,False,Negative
32,29.4,119.0,133.0,39.0,26.0,8,Low,True,Positive
40,28.0,112.0,71.0,39.0,20.0,7,Low,True,Positive
55,31.3,108.0,140.0,16.0,28.0,6,Sedentary,False,Negative
62,26.3,100.0,83.0,36.0,23.0,5,Sedentary,False,Negative
38,28.4,100.0,121.0,50.0,34.0,6,High,False,Negative
49,27.8,118.0,124.0,5.0,29.0,6,Low,True,Positive
54,40.4,166.0,140.0,12.0,27.0,6,Sedentary,False,Negative
49,33.0,116.0,134.0,15.0,19.0,6,Low,True,Negative
48,26.5,90.0,74.0,23.0,22.0,5,Low,False,Positive
24,30.3,126.0,141.0,45.0,28.0,6,Low,False,Negative
44,30.0,115.0,76.0,5.0,18.0,5,High,True,Positive
42,29.8,183.0,135.0,69.0,47.0,9,Low,True,Positive
50,30.8,166.0,60.0,38.0,39.0,9,Low,True,Positive
63,49.4,193.0,143.0,16.0,43.0,9,Low,True,Positive
36,25.0,81.0,106.0,53.0,24.0,5,Moderate,False,Negative
39,26.8,118.0,131.0,24.0,25.0,6,High,True,Negative
43,25.0,114.0,78.0,62.0,17.0,4,Low,False,Positive
31,29.8,116.0,76.0,57.0,27.0,6,High,True,Positive
51,49.3,201.0,134.0,632.0,40.0,9,Low,True,Positive
42,29.3,110.0,75.0,46.0,47.0,7,Low,True,Positive
35,27.9,101.0,81.0,55.0,40.0,7,Low,True,Positive
54,25.0,86.0,63.0,39.0,28.0,5,High,True,Negative
41,46.9,144.0,125.0,51.0,46.0,9,Low,False,Positive
53,37.0,108.0,67.0,56.0,45.0,7,Low,True,Positive
48,33.9,130.0,141.0,57.0,23.0,6,Sedentary,False,Negative
46,26.1,131.0,129.0,53.0,27.0,6,Sedentary,True,Negative
32,31.6,112.0,83.0,41.0,19.0,7,Low,True,Positive
64,23.3,135.0,82.0,10.0,20.0,5,Sedentary,False,Negative
34,33.5,82.0,132.0,46.0,25.0,5,Low,True,Positive
25,28.2,176.0,88.0,68.0,38.0,7,Low,True,Positive
47,27.0,107.0,127.0,87.0,25.0,6,Low,True,Positive
33,27.6,97.0,114.0,42.0,22.0,5,Low,False,Negative
25,27.5,74.0,75.0,22.0,11.0,4,Low,True,Positive
43,21.1,72.0,76.0,21.0,20.0,3,Sedentary,False,Negative
56,27.4,124.0,139.0,30.0,28.0,8,Low,True,Positive
49,28.6,81.0,75.0,71.0,10.0,4,Sedentary,True,Positive
49,19.7,131.0,61.0,95.0,22.0,3,Sedentary,False,Negative
58,26.7,100.0,85.0,105.0,34.0,9,Low,True,Positive
40,33.6,130.0,117.0,49.0,32.0,6,Low,True,Positive
73,30.4,163.0,154.0,31.0,23.0,5,Sedentary,False,Negative
44,25.1,102.0,78.0,19.0,17.0,5,Low,True,Positive
58,30.5,172.0,146.0,5.0,22.0,6,Moderate,False,Negative
35,22.6,77.0,78.0,58.0,17.0,4,Low,False,Negative
47,24.8,99.0,77.0,58.0,25.0,6,High,True,Negative
60,25.8,105.0,83.0,81.0,43.0,7,Low,True,Positive
33,30.0,112.0,69.0,40.0,21.0,5,Low,False,Positive
55,30.0,177.0,73.0,27.0,48.0,9,Low,True,Positive
53,26.0,135.0,121.0,51.0,20.0,5,Low,False,Positive
33,23.7,98.0,72.0,30.0,18.0,5,Low,False,Positive
40,25.1,81.0,129.0,5.0,17.0,5,Moderate,False,Negative
48,50.1,202.0,123.0,47.0,36.0,8,Sedentary,False,Negative
38,27.3,133.0,79.0,5.0,25.0,6,Low,True,Positive
56,24.3,88.0,81.0,104.0,27.0,5,Sedentary,False,Negative
38,32.0,114.0,86.0,38.0,26.0,5,High,False,Negative
51,27.7,109.0,76.0,52.0,21.0,5,High,True,Positive
67,28.9,90.0,78.0,29.0,20.0,6,High,True,Positive
43,35.2,105.0,123.0,57.0,25.0,7,Low,True,Positive
47,31.1,116.0,86.0,47.0,30.0,7,Low,True,Positive
46,27.5,109.0,67.0,79.0,15.0,5,High,True,Positive
42,24.4,117.0,77.0,12.0,30.0,6,High,False,Negative
42,23.3,105.0,138.0,35.0,27.0,5,Sedentary,False,Negative
37,29.7,107.0,146.0,5.0,30.0,6,Low,True,Positive
58,41.4,115.0,87.0,11.0,46.0,9,Low,True,Positive
62,32.0,164.0,86.0,38.0,36.0,9,Low,True,Positive
20,25.6,107.0,140.0,5.0,25.0,6,High,True,Negative
46,28.8,103.0,85.0,70.0,27.0,5,Low,True,Positive
48,43.5,118.0,132.0,45.0,41.0,9,Low,True,Positive
52,22.1,108.0,74.0,55.0,25.0,5,High,False,Negative
30,32.7,92.0,133.0,53.0,30.0,6,Low,True,Positive
39,30.6,103.0,142.0,34.0,25.0,5,Low,True,Negative
55,30.2,92.0,77.0,71.0,19.0,7,High,True,Positive
54,29.5,67.0,138.0,5.0,21.0,6,High,False,Negative
43,26.6,100.0,117.0,39.0,21.0,5,Low,True,Negative
37,32.3,125.0,78.0,60.0,18.0,6,High,True,Positive
56,30.8,79.0,89.0,37.0,23.0,6,High,False,Negative
47,25.1,106.0,88.0,94.0,24.0,7,Low,True,Positive
32,30.4,200.0,75.0,43.0,48.0,7,Low,True,Positive
47,23.6,70.0,76.0,45.0,19.0,5,High,False,Negative
71,30.8,133.0,145.0,63.0,31.0,7,Low,False,Negative
38,30.6,94.0,74.0,76.0,8.0,3,Low,True,Positive
35,20.4,94.0,114.0,5.0,27.0,5,High,False,Negative
48,26.9,122.0,71.0,53.0,30.0,7,High,True,Negative
47,26.7,122.0,144.0,60.0,26.0,6,Low,False,Negative
48,44.9,189.0,72.0,65.0,40.0,9,Low,True,Positive
59,26.9,154.0,68.0,46.0,38.0,5,Low,False,Positive
56,26.3,117.0,144.0,42.0,17.0,7,Low,True,Positive
50,26.9,145.0,84.0,80.0,18.0,6,Low,True,Positive
49,28.8,184.0,82.0,57.0,41.0,7,Low,True,Positive
58,33.2,129.0,139.0,49.0,22.0,6,Low,True,Positive
42,36.0,104.0,85.0,37.0,28.0,6,High,True,Negative
37,28.6,115.0,139.0,61.0,26.0,6,High,True,Positive
40,32.4,93.0,140.0,12.0,24.0,6,Moderate,False,Negative
59,31.2,186.0,144.0,29.0,37.0,8,Low,True,Positive
33,27.3,106.0,81.0,62.0,25.0,6,Low,True,Positive
45,27.1,88.0,80.0,37.0,24.0,5,Low,False,Positive
39,28.5,119.0,74.0,38.0,26.0,6,High,False,Negative
49,23.4,103.0,127.0,6.0,25.0,5,Moderate,False,Negative
26,31.5,108.0,80.0,21.0,23.0,7,Low,True,Positive
35,25.0,95.0,133.0,66.0,27.0,6,Sedentary,False,Negative
55,28.9,116.0,122.0,5.0,23.0,6,Moderate,True,Negative
47,30.8,125.0,85.0,23.0,28.0,3,Sedentary,False,Negative
41,29.3,138.0,133.0,77.0,29.0,6,High,True,Negative
40,29.8,101.0,74.0,47.0,28.0,6,High,True,Negative
27,27.1,118.0,133.0,31.0,27.0,6,High,False,Negative
57,32.0,104.0,82.0,104.0,39.0,3,Low,True,Positive
47,26.7,178.0,147.0,27.0,24.0,6,Sedentary,False,Negative
41,26.2,124.0,129.0,32.0,27.0,5,Low,True,Positive
43,27.5,94.0,81.0,72.0,19.0,5,Low,True,Positive
55,30.2,111.0,66.0,86.0,32.0,6,High,True,Negative
54,31.4,129.0,92.0,96.0,48.0,7,Low,True,Positive
25,32.3,86.0,75.0,50.0,22.0,7,Low,True,Positive
49,26.2,107.0,80.0,89.0,24.0,5,High,True,Negative
52,22.2,96.0,76.0,5.0,17.0,5,Low,True,Positive
36,28.2,100.0,132.0,41.0,29.0,6,High,True,Negative
48,29.1,110.0,141.0,109.0,26.0,7,Low,True,Negative
55,30.6,85.0,79.0,89.0,18.0,5,High,False,Negative
41,36.0,145.0,88.0,54.0,28.0,6,High,False,Negative
28,26.6,100.0,128.0,6.0,14.0,5,Low,True,Negative
59,26.5,146.0,74.0,55.0,35.0,3,Low,True,Positive
36,29.3,96.0,80.0,48.0,13.0,7,High,True,Positive
48,29.3,111.0,82.0,51.0,32.0,6,Low,True,Positive
41,23.9,147.0,138.0,21.0,27.0,5,High,False,Negative
40,28.6,126.0,72.0,66.0,28.0,7,High,True,Positive
51,31.2,148.0,100.0,20.0,41.0,9,Low,True,Positive
49,27.6,185.0,80.0,47.0,39.0,7,Low,True,Positive
55,29.7,152.0,74.0,79.0,41.0,6,Low,True,Negative
52,34.3,147.0,140.0,5.0,21.0,5,Sedentary,False,Negative
55,31.8,122.0,63.0,15.0,19.0,7,Low,True,Positive
38,29.7,100.0,116.0,43.0,18.0,5,Sedentary,False,Negative
41,30.3,99.0,75.0,76.0,23.0,5,High,False,Negative
48,48.8,174.0,76.0,56.0,45.0,9,Low,True,Positive
60,29.4,116.0,117.0,94.0,22.0,6,High,True,Negative
47,31.3,126.0,132.0,27.0,23.0,6,Sedentary,False,Negative
41,30.7,104.0,137.0,29.0,22.0,5,Low,False,Negative
57,20.8,92.0,62.0,18.0,23.0,5,Low,True,Positive
60,32.1,141.0,64.0,46.0,35.0,7,Sedentary,False,Negative
42,30.9,109.0,81.0,54.0,15.0,5,High,False,Negative
45,32.3,114.0,133.0,61.0,21.0,6,High,True,Negative
45,25.0,94.0,72.0,81.0,26.0,5,Low,False,Positive
40,24.9,114.0,77.0,42.0,43.0,7,Low,True,Positive
34,27.7,129.0,131.0,38.0,24.0,5,Low,False,Negative
49,27.8,124.0,76.0,28.0,31.0,6,Low,True,Positive
37,24.4,100.0,78.0,57.0,14.0,5,Low,False,Negative
43,30.4,130.0,79.0,83.0,26.0,7,Low,True,Positive
43,26.6,157.0,138.0,16.0,31.0,6,Sedentary,False,Negative
65,24.9,158.0,79.0,48.0,35.0,9,Low,True,Positive
36,25.4,138.0,86.0,44.0,44.0,6,Low,False,Positive
56,25.9,106.0,79.0,5.0,26.0,7,Low,True,Positive
45,24.0,76.0,111.0,42.0,30.0,5,High,False,Negative
65,46.3,110.0,136.0,35.0,36.0,9,Low,False,Negative
49,34.1,132.0,130.0,63.0,21.0,6,Low,True,Positive
54,28.5,153.0,82.0,65.0,41.0,9,Low,True,Positive
33,29.9,207.0,72.0,36.0,47.0,9,Low,True,Positive
62,23.5,104.0,77.0,55.0,25.0,7,Low,True,Positive
44,27.7,132.0,84.0,68.0,17.0,5,Sedentary,False,Negative
30,31.0,182.0,85.0,44.0,42.0,7,Low,True,Positive
39,24.3,110.0,73.0,40.0,13.0,5,Low,True,Positive
68,52.0,210.0,86.0,66.0,50.0,9,Low,True,Positive
58,28.1,140.0,125.0,38.0,31.0,6,Sedentary,True,Negative
33,27.6,104.0,82.0,45.0,17.0,5,Low,True,Positive
53,30.7,114.0,77.0,33.0,19.0,6,High,False,Negative
53,30.0,100.0,94.0,43.0,25.0,5,High,False,Negative
60,29.6,145.0,70.0,103.0,25.0,5,Sedentary,False,Negative
48,26.5,106.0,152.0,31.0,19.0,5,Moderate,False,Negative
40,28.0,114.0,84.0,28.0,32.0,7,Low,True,Positive
48,27.7,126.0,133.0,61.0,23.0,5,High,False,Negative
54,21.9,89.0,124.0,5.0,18.0,5,Moderate,False,Negative
38,27.3,112.0,65.0,46.0,22.0,5,Low,True,Positive
55,32.3,95.0,80.0,61.0,23.0,6,High,True,Positive
37,28.8,114.0,135.0,5.0,25.0,6,High,True,Negative
34,22.7,106.0,114.0,15.0,20.0,5,Low,False,Negative
43,30.1,93.0,148.0,74.0,23.0,6,High,True,Negative
54,34.1,116.0,91.0,84.0,22.0,7,High,True,Positive
59,29.5,198.0,84.0,65.0,35.0,9,Low,True,Positive
47,27.6,103.0,125.0,20.0,21.0,6,High,False,Negative
38,26.3,99.0,133.0,77.0,31.0,5,High,False,Negative
42,24.0,105.0,82.0,17.0,14.0,6,High,False,Negative
61,34.5,190.0,93.0,78.0,46.0,9,Low,True,Positive
57,25.8,141.0,117.0,26.0,21.0,6,Sedentary,False,Negative
57,55.8,167.0,136.0,21.0,54.0,9,Low,True,Positive
22,28.5,100.0,78.0,19.0,20.0,5,High,False,Negative
69,30.4,113.0,119.0,29.0,25.0,6,High,False,Negative
43,31.5,98.0,129.0,11.0,23.0,5,Sedentary,False,Negative
29,29.4,94.0,122.0,21.0,31.0,5,High,False,Negative
51,21.6,86.0,73.0,39.0,19.0,5,High,False,Negative
55,26.0,110.0,127.0,12.0,22.0,5,High,False,Negative
41,27.8,112.0,74.0,15.0,14.0,7,Low,True,Positive
64,27.2,90.0,68.0,33.0,16.0,5,Low,False,Positive
52,49.9,159.0,76.0,58.0,44.0,9,Low,True,Positive
59,28.3,117.0,134.0,15.0,28.0,6,High,False,Negative
58,34.7,144.0,83.0,13.0,26.0,7,Low,True,Positive
37,26.4,113.0,85.0,29.0,32.0,6,High,True,Negative
50,41.2,193.0,69.0,51.0,50.0,9,Low,False,Positive
39,27.3,87.0,73.0,49.0,25.0,5,Sedentary,False,Negative
38,24.2,92.0,85.0,42.0,52.0,7,Low,True,Positive
37,26.6,109.0,129.0,65.0,47.0,5,Low,False,Positive
45,27.4,114.0,80.0,78.0,40.0,7,Low,True,Positive
48,28.1,128.0,74.0,24.0,21.0,5,Low,True,Positive
55,32.0,120.0,131.0,46.0,35.0,8,Low,True,Positive
42,29.3,113.0,89.0,59.0,14.0,5,Low,False,Negative
49,25.7,124.0,135.0,51.0,28.0,6,High,False,Negative
65,50.2,163.0,132.0,26.0,41.0,8,Low,True,Positive
40,27.5,85.0,76.0,25.0,20.0,5,Low,False,Negative
39,21.4,60.0,84.0,61.0,18.0,4,Sedentary,False,Negative
44,26.5,139.0,129.0,32.0,18.0,6,Low,True,Positive
63,29.8,106.0,88.0,48.0,21.0,5,Sedentary,True,Negative
25,23.9,127.0,131.0,71.0,19.0,5,Moderate,False,Positive
42,25.8,99.0,140.0,17.0,33.0,6,Sedentary,True,Negative
42,28.2,145.0,125.0,62.0,27.0,6,Sedentary,True,Positive
53,25.2,133.0,139.0,33.0,27.0,6,Low,False,Positive
40,27.8,109.0,85.0,55.0,19.0,7,Low,True,Positive
40,23.7,102.0,75.0,37.0,22.0,6,High,True,Negative
33,30.0,93.0,154.0,17.0,31.0,6,Low,True,Negative
35,26.3,110.0,69.0,29.0,26.0,5,High,True,Positive
61,47.3,134.0,78.0,52.0,47.0,9,Low,True,Positive
43,26.0,80.0,75.0,43.0,21.0,5,High,False,Negative
28,24.4,88.0,73.0,44.0,22.0,5,Low,False,Negative
40,30.0,112.0,75.0,57.0,23.0,7,Low,True,Positive
37,25.2,75.0,111.0,26.0,13.0,5,Low,False,Negative
40,27.7,108.0,77.0,54.0,20.0,5,High,False,Negative
45,25.3,116.0,141.0,5.0,14.0,5,Low,False,Negative
54,28.4,154.0,75.0,83.0,21.0,5,Sedentary,False,Negative
31,33.8,111.0,87.0,76.0,21.0,6,High,False,Negative
42,29.4,95.0,80.0,46.0,16.0,6,Low,True,Positive
37,22.6,111.0,147.0,11.0,27.0,7,Low,True,Positive
32,31.0,72.0,74.0,5.0,18.0,5,Sedentary,False,Negative
50,27.1,108.0,133.0,48.0,29.0,6,High,False,Negative
53,36.4,250.0,84.0,821.0,48.0,9,Low,True,Positive
43,26.7,102.0,82.0,26.0,16.0,5,High,False,Positive
55,27.7,134.0,144.0,78.0,22.0,7,Low,True,Positive
66,26.2,104.0,119.0,66.0,28.0,5,Moderate,False,Negative
51,28.0,93.0,76.0,87.0,15.0,7,Low,True,Positive
62,26.3,158.0,81.0,37.0,40.0,7,Low,True,Positive
38,28.1,166.0,86.0,54.0,46.0,7,Low,True,Positive
41,26.1,88.0,74.0,45.0,16.0,5,Low,False,Negative
50,48.9,183.0,88.0,53.0,57.0,9,Low,True,Positive
59,28.2,114.0,83.0,96.0,18.0,3,High,True,Positive
57,43.4,141.0,71.0,83.0,33.0,9,Low,True,Positive
66,28.7,144.0,73.0,48.0,24.0,7,Sedentary,False,Negative
59,45.0,129.0,82.0,5.0,31.0,5,Sedentary,False,Negative
30,29.1,108.0,123.0,71.0,28.0,5,High,False,Negative
54,28.4,76.0,137.0,59.0,22.0,6,High,False,Negative
50,26.6,96.0,145.0,55.0,24.0,6,Low,True,Positive
48,26.7,110.0,133.0,15.0,25.0,8,Moderate,True,Negative
36,26.7,91.0,130.0,35.0,22.0,5,High,False,Negative
58,30.0,78.0,81.0,77.0,21.0,5,Sedentary,False,Negative
50,31.7,113.0,145.0,5.0,54.0,8,Low,True,Positive
54,31.2,100.0,75.0,68.0,44.0,7,Low,True,Positive
42,34.9,237.0,137.0,6.0,26.0,8,Sedentary,True,Positive
51,21.5,105.0,77.0,10.0,40.0,5,Low,True,Positive
27,30.0,120.0,124.0,16.0,28.0,6,Moderate,False,Negative
45,25.5,99.0,76.0,5.0,13.0,5,Low,True,Positive
66,24.1,134.0,90.0,74.0,20.0,3,Sedentary,False,Positive
37,25.9,102.0,80.0,36.0,25.0,5,High,False,Negative
57,30.7,101.0,80.0,10.0,25.0,5,High,False,Negative
24,27.7,104.0,124.0,12.0,22.0,5,Sedentary,False,Negative
60,26.4,182.0,74.0,35.0,24.0,5,Sedentary,False,Negative
59,31.6,166.0,133.0,31.0,28.0,6,Sedentary,False,Negative
20,31.2,94.0,94.0,27.0,17.0,5,Moderate,True,Positive
64,43.4,205.0,121.0,23.0,23.0,9,Low,True,Positive
42,34.0,167.0,87.0,71.0,49.0,9,Low,True,Positive
21,29.0,105.0,74.0,33.0,23.0,5,High,False,Negative
49,26.3,116.0,81.0,104.0,32.0,6,High,True,Negative
36,29.2,108.0,83.0,37.0,24.0,5,High,False,Positive
25,26.8,106.0,140.0,28.0,25.0,5,High,False,Negative
29,30.7,99.0,74.0,35.0,19.0,6,Low,True,Positive
41,24.2,69.0,80.0,60.0,15.0,5,Low,False,Negative
37,51.9,110.0,138.0,37.0,48.0,5,Low,False,Positive
40,29.1,112.0,137.0,40.0,27.0,5,Low,True,Positive
60,26.4,84.0,141.0,90.0,23.0,6,High,False,Negative
29,25.7,89.0,69.0,5.0,10.0,5,Low,False,Negative
61,51.1,164.0,114.0,71.0,21.0,6,Sedentary,False,Negative
52,30.0,121.0,85.0,72.0,26.0,7,High,True,Positive
62,29.8,155.0,85.0,48.0,42.0,9,Low,True,Positive
30,31.4,181.0,136.0,5.0,29.0,6,Sedentary,False,Negative
53,32.0,84.0,85.0,72.0,18.0,7,High,True,Positive
38,32.7,103.0,75.0,85.0,20.0,5,High,True,Positive
35,32.7,164.0,78.0,56.0,42.0,9,Low,True,Positive
40,30.6,115.0,77.0,86.0,14.0,5,High,True,Negative
50,48.7,157.0,137.0,30.0,45.0,9,Sedentary,True,Positive
43,23.9,88.0,75.0,85.0,15.0,3,Low,False,Positive
55,32.9,130.0,99.0,94.0,21.0,7,Low,True,Positive
42,31.2,95.0,88.0,65.0,35.0,7,Low,True,Positive
41,28.9,88.0,71.0,29.0,13.0,5,Low,False,Negative
73,52.5,190.0,135.0,77.0,58.0,7,Sedentary,True,Positive
50,28.2,136.0,80.0,38.0,42.0,9,Low,True,Positive
31,32.4,88.0,79.0,49.0,19.0,5,High,True,Negative
46,32.4,110.0,121.0,26.0,25.0,6,High,False,Negative
45,26.0,91.0,139.0,43.0,21.0,5,Sedentary,False,Negative
74,29.9,174.0,84.0,60.0,47.0,9,Low,True,Positive
49,32.0,169.0,77.0,13.0,31.0,5,Sedentary,False,Negative
69,31.2,129.0,72.0,75.0,20.0,7,Low,True,Positive
59,30.1,121.0,77.0,10.0,44.0,7,Low,True,Positive
20,25.7,111.0,86.0,41.0,19.0,5,High,False,Negative
28,29.4,119.0,119.0,32.0,26.0,5,Low,True,Positive
51,29.8,155.0,149.0,50.0,30.0,6,Sedentary,False,Negative
53,35.1,112.0,150.0,11.0,31.0,6,High,True,Negative
60,30.6,118.0,89.0,58.0,26.0,6,High,False,Negative
43,27.3,110.0,71.0,15.0,13.0,5,Low,True,Positive
39,28.4,106.0,72.0,32.0,12.0,5,Low,True,Positive
48,28.4,219.0,68.0,16.0,42.0,5,Low,True,Positive
40,42.5,184.0,131.0,19.0,38.0,8,Sedentary,True,Negative
58,39.6,209.0,137.0,52.0,43.0,9,Low,True,Positive
46,28.9,108.0,134.0,34.0,31.0,6,High,False,Negative
43,21.4,82.0,147.0,21.0,21.0,5,High,False,Negative
50,26.4,116.0,76.0,78.0,18.0,5,Low,False,Negative
46,25.8,102.0,75.0,56.0,24.0,5,Low,False,Negative
31,24.0,104.0,122.0,44.0,24.0,5,High,False,Negative
48,18.7,88.0,129.0,5.0,17.0,5,Low,True,Negative
67,50.5,157.0,143.0,54.0,43.0,9,Low,True,Positive
32,29.0,97.0,122.0,40.0,27.0,5,Low,False,Negative
64,29.3,138.0,141.0,7.0,23.0,8,Sedentary,False,Negative
45,29.9,84.0,80.0,83.0,21.0,5,High,True,Positive
49,29.8,138.0,118.0,97.0,42.0,7,Low,True,Positive
48,33.4,108.0,83.0,84.0,24.0,7,High,True,Positive
43,25.6,76.0,154.0,31.0,30.0,5,High,False,Negative
21,27.4,109.0,122.0,44.0,23.0,5,High,False,Negative
52,25.0,80.0,85.0,15.0,21.0,5,Sedentary,False,Negative
32,25.0,84.0,126.0,31.0,18.0,5,Low,False,Negative
42,25.7,104.0,78.0,104.0,23.0,3,Low,True,Positive
41,25.3,84.0,60.0,20.0,5.0,4,Moderate,False,Negative
44,29.1,86.0,77.0,67.0,27.0,6,High,False,Negative
45,46.7,223.0,70.0,765.0,33.0,9,Low,True,Positive
48,27.4,84.0,67.0,25.0,19.0,5,High,False,Negative
45,24.9,153.0,68.0,55.0,29.0,5,Sedentary,False,Negative
41,29.0,95.0,143.0,43.0,30.0,6,Low,False,Negative
37,29.9,124.0,72.0,5.0,19.0,5,Low,False,Negative
42,23.7,90.0,73.0,40.0,25.0,4,Low,True,Positive
51,27.3,115.0,149.0,23.0,33.0,6,Sedentary,False,Negative
