age,bmi,glucose_level,blood_pressure,insulin,skin_thickness,genetic_risk_score,exercise_frequency,family_history,Outcome
39,26.4,111.0,79.0,69.0,23.0,6,Low,True,Negative
48,26.5,104.0,75.0,57.0,19.0,6,Low,False,Negative
42,25.7,100.0,79.0,49.0,21.0,7,Low,True,Negative
44,26.8,105.0,80.0,46.0,25.0,6,Low,False,Negative
30,31.6,96.0,76.0,37.0,23.0,4,Low,False,Negative
48,30.0,101.0,74.0,36.0,25.0,5,Low,False,Negative
34,23.1,112.0,83.0,47.0,16.0,5,Moderate,False,Negative
38,27.8,95.0,73.0,43.0,29.0,5,Low,False,Negative
48,31.5,95.0,76.0,60.0,26.0,5,Low,False,Negative
42,28.5,83.0,79.0,41.0,14.0,5,Low,False,Negative
46,33.0,94.0,83.0,32.0,25.0,4,Low,True,Negative
50,29.6,88.0,63.0,25.0,16.0,4,High,False,Negative
46,27.6,173.0,85.0,56.0,28.0,6,Low,True,Positive
50,27.2,115.0,73.0,83.0,25.0,6,Low,True,Positive
39,25.1,87.0,66.0,49.0,18.0,6,High,False,Negative
50,28.2,110.0,79.0,59.0,25.0,7,Low,True,Positive
42,27.4,97.0,80.0,47.0,23.0,6,High,True,Negative
45,28.6,107.0,72.0,42.0,20.0,6,Low,True,Negative
41,26.4,118.0,82.0,45.0,25.0,4,Low,True,Negative
38,30.2,101.0,76.0,51.0,24.0,6,Low,False,Negative
43,29.5,93.0,73.0,26.0,20.0,4,Low,False,Negative
49,31.4,112.0,75.0,48.0,26.0,5,Low,True,Positive
58,30.0,100.0,75.0,55.0,23.0,5,Low,True,Negative
44,27.0,95.0,65.0,38.0,20.0,6,Low,False,Negative
28,30.3,105.0,82.0,52.0,30.0,6,Low,True,Negative
36,25.3,92.0,77.0,48.0,22.0,5,Low,False,Negative
54,28.6,115.0,75.0,26.0,23.0,5,Low,True,Negative
42,27.8,109.0,69.0,18.0,23.0,5,Low,False,Negative
39,29.2,109.0,77.0,59.0,21.0,5,Low,False,Negative
34,24.5,110.0,80.0,44.0,23.0,6,Low,False,Negative
62,33.3,163.0,78.0,78.0,26.0,4,Low,True,Positive
47,29.4,118.0,79.0,60.0,25.0,5,Low,True,Negative
26,21.8,95.0,68.0,54.0,17.0,5,Moderate,False,Negative
34,27.6,107.0,72.0,26.0,24.0,3,Low,False,Negative
31,25.7,114.0,76.0,20.0,13.0,7,Low,False,Negative
44,25.4,95.0,76.0,55.0,23.0,5,Low,False,Negative
60,30.5,157.0,79.0,67.0,20.0,5,Low,True,Positive
37,26.3,105.0,76.0,54.0,28.0,7,Low,False,Negative
36,28.3,95.0,76.0,42.0,27.0,6,Low,False,Negative
33,26.6,98.0,63.0,32.0,16.0,5,Moderate,False,Negative
38,24.5,100.0,73.0,64.0,21.0,5,Low,False,Negative
39,28.3,141.0,84.0,45.0,26.0,5,Low,True,Positive
44,29.0,96.0,79.0,22.0,22.0,5,Low,False,Negative
44,24.6,84.0,65.0,51.0,15.0,6,High,False,Negative
40,23.0,108.0,73.0,59.0,23.0,5,Low,False,Negative
42,29.5,93.0,80.0,59.0,25.0,5,Low,False,Negative
46,32.9,159.0,87.0,225.0,26.0,7,Low,True,Positive
36,27.3,97.0,70.0,37.0,17.0,5,Low,False,Negative
46,25.7,95.0,78.0,56.0,19.0,5,Low,False,Negative
49,31.4,98.0,75.0,70.0,22.0,6,Low,True,Positive
44,27.6,121.0,66.0,46.0,21.0,5,Low,True,Negative
51,31.4,128.0,81.0,60.0,27.0,6,Low,True,Positive
38,28.8,98.0,76.0,55.0,21.0,4,Low,False,Negative
38,29.3,86.0,68.0,47.0,23.0,5,Low,False,Negative
57,26.2,105.0,76.0,62.0,20.0,8,Low,True,Positive
52,30.5,104.0,80.0,61.0,27.0,7,Low,True,Positive
51,29.3,104.0,73.0,43.0,21.0,6,Low,False,Negative
38,27.6,100.0,75.0,43.0,27.0,6,Low,False,Negative
55,30.5,143.0,68.0,30.0,23.0,7,Low,True,Negative
62,28.8,172.0,74.0,42.0,23.0,6,Low,True,Positive
49,24.8,104.0,84.0,46.0,22.0,5,Low,True,Positive
62,32.8,130.0,78.0,81.0,26.0,6,Low,True,Positive
40,26.7,90.0,68.0,43.0,16.0,6,Low,False,Negative
27,29.7,95.0,71.0,38.0,17.0,5,Low,False,Negative
52,29.9,103.0,75.0,52.0,16.0,6,Low,False,Negative
35,26.4,89.0,76.0,31.0,21.0,7,Low,False,Negative
45,25.9,102.0,72.0,57.0,23.0,4,High,True,Negative
40,26.8,100.0,74.0,38.0,25.0,5,High,True,Negative
41,28.7,106.0,69.0,58.0,15.0,6,Low,False,Negative
39,25.4,96.0,67.0,52.0,24.0,6,Low,False,Negative
49,26.8,100.0,75.0,30.0,26.0,6,High,True,Negative
38,32.1,88.0,78.0,35.0,19.0,5,Low,False,Negative
40,24.7,108.0,66.0,24.0,21.0,5,Low,False,Negative
47,30.3,108.0,76.0,47.0,22.0,6,Low,False,Negative
49,28.1,98.0,73.0,75.0,21.0,6,Low,False,Negative
39,27.7,161.0,81.0,82.0,26.0,6,Low,True,Positive
34,32.1,110.0,75.0,50.0,21.0,7,Low,True,Negative
36,28.1,115.0,61.0,52.0,14.0,6,Low,False,Negative
45,32.4,163.0,77.0,58.0,28.0,6,High,True,Positive
60,30.8,148.0,86.0,45.0,24.0,7,Low,True,Positive
28,27.3,94.0,76.0,56.0,24.0,3,Low,False,Negative
54,27.8,95.0,75.0,55.0,21.0,6,Low,True,Negative
35,27.4,104.0,80.0,52.0,23.0,5,High,True,Negative
40,26.2,99.0,75.0,42.0,24.0,6,Low,True,Negative
49,27.5,89.0,77.0,49.0,15.0,5,Low,False,Negative
51,29.8,141.0,79.0,67.0,22.0,4,Low,True,Negative
45,31.6,107.0,79.0,69.0,21.0,6,Low,False,Negative
26,23.2,112.0,75.0,61.0,10.0,4,Low,False,Negative
32,28.0,80.0,75.0,61.0,24.0,4,High,True,Negative
36,28.0,96.0,69.0,67.0,19.0,7,Low,False,Negative
49,31.2,131.0,83.0,56.0,23.0,6,Low,True,Negative
50,26.9,99.0,67.0,67.0,24.0,5,Low,True,Negative
39,25.9,106.0,78.0,54.0,19.0,6,Low,False,Negative
29,27.1,102.0,78.0,29.0,25.0,3,High,False,Negative
43,28.2,117.0,79.0,54.0,22.0,7,Low,True,Positive
62,27.3,169.0,81.0,63.0,29.0,6,Low,True,Positive
40,26.5,117.0,73.0,58.0,20.0,6,Low,False,Negative
41,28.6,96.0,71.0,60.0,17.0,8,Low,True,Negative
47,23.6,95.0,69.0,66.0,11.0,6,Low,False,Negative
47,33.9,109.0,74.0,57.0,19.0,6,Low,True,Negative
56,31.8,125.0,82.0,75.0,29.0,5,Low,True,Negative
53,31.2,118.0,73.0,82.0,25.0,5,Low,True,Positive
53,27.8,81.0,70.0,31.0,24.0,6,Low,False,Negative
36,29.6,102.0,70.0,75.0,29.0,3,Low,False,Negative
40,25.8,100.0,67.0,51.0,26.0,4,High,False,Negative
53,28.1,121.0,77.0,66.0,24.0,5,Low,True,Negative
39,30.9,94.0,76.0,37.0,28.0,5,Low,False,Negative
45,29.6,103.0,85.0,41.0,27.0,6,Low,True,Negative
38,27.5,92.0,79.0,30.0,25.0,5,Low,False,Negative
50,28.4,104.0,76.0,52.0,30.0,5,Low,False,Negative
55,25.0,107.0,69.0,20.0,17.0,6,High,False,Negative
58,30.4,126.0,83.0,50.0,20.0,7,Low,True,Positive
30,27.7,98.0,68.0,31.0,17.0,4,Low,False,Negative
36,30.1,80.0,62.0,36.0,20.0,3,High,False,Negative
32,27.9,97.0,72.0,47.0,22.0,5,Low,False,Negative
39,26.1,86.0,65.0,12.0,24.0,3,High,False,Negative
56,34.0,113.0,81.0,65.0,33.0,6,Low,True,Positive
57,26.3,98.0,76.0,48.0,19.0,5,Low,True,Negative
54,27.4,106.0,77.0,42.0,19.0,6,Low,False,Negative
33,27.1,96.0,73.0,47.0,23.0,5,High,False,Negative
46,29.4,108.0,77.0,42.0,24.0,7,Low,True,Negative
28,22.1,103.0,72.0,36.0,23.0,4,Low,False,Negative
41,28.5,99.0,77.0,53.0,23.0,8,Low,False,Negative
52,33.0,97.0,74.0,51.0,14.0,7,Low,True,Positive
55,30.2,111.0,75.0,62.0,21.0,6,Low,False,Negative
62,24.3,115.0,76.0,38.0,16.0,3,Low,False,Negative
34,30.4,94.0,70.0,34.0,17.0,5,High,False,Negative
33,27.9,109.0,74.0,58.0,20.0,5,High,False,Negative
33,23.5,87.0,62.0,37.0,20.0,5,High,False,Negative
62,30.1,94.0,72.0,42.0,18.0,5,Low,True,Negative
31,27.0,118.0,71.0,35.0,23.0,5,Low,False,Negative
40,25.1,96.0,76.0,47.0,22.0,4,High,True,Negative
50,24.0,98.0,70.0,43.0,20.0,5,High,False,Negative
57,33.8,116.0,79.0,41.0,27.0,7,Low,True,Positive
45,32.7,106.0,71.0,39.0,21.0,6,Low,False,Negative
52,29.7,118.0,78.0,79.0,32.0,5,Low,True,Negative
36,27.4,94.0,75.0,43.0,27.0,5,Moderate,False,Negative
52,27.2,101.0,74.0,66.0,29.0,6,Low,True,Negative
37,28.8,102.0,71.0,58.0,29.0,5,Low,False,Negative
43,29.0,96.0,72.0,54.0,15.0,7,Low,False,Negative
36,28.5,103.0,76.0,60.0,27.0,6,Low,True,Negative
35,30.1,98.0,72.0,41.0,30.0,6,Low,False,Negative
52,32.6,160.0,75.0,39.0,25.0,7,Low,True,Positive
40,29.6,119.0,78.0,37.0,15.0,5,Low,True,Negative
41,29.4,91.0,76.0,39.0,24.0,5,Low,False,Negative
44,26.7,104.0,74.0,31.0,20.0,5,Low,False,Negative
27,27.3,107.0,77.0,27.0,23.0,6,Low,False,Negative
50,30.6,102.0,79.0,44.0,28.0,6,Low,False,Negative
29,23.9,104.0,63.0,29.0,21.0,5,Moderate,False,Negative
43,33.5,106.0,70.0,42.0,21.0,5,Low,True,Negative
35,29.3,106.0,73.0,35.0,22.0,4,High,True,Negative
41,28.9,96.0,72.0,43.0,23.0,4,Low,False,Negative
36,30.4,113.0,71.0,47.0,28.0,4,Low,False,Negative
51,26.4,98.0,78.0,42.0,22.0,8,Low,False,Negative
55,26.8,103.0,79.0,41.0,21.0,5,Low,True,Negative
57,30.2,106.0,79.0,65.0,27.0,8,Low,True,Positive
52,33.8,112.0,80.0,68.0,25.0,6,Low,True,Negative
37,27.6,107.0,68.0,65.0,19.0,7,Low,True,Negative
57,27.3,98.0,76.0,41.0,15.0,6,Low,False,Negative
43,28.7,98.0,76.0,42.0,26.0,5,Low,False,Negative
28,29.6,105.0,74.0,41.0,23.0,3,High,False,Negative
33,26.8,115.0,85.0,54.0,19.0,6,Low,False,Negative
47,27.6,108.0,64.0,63.0,26.0,6,Low,False,Negative
47,25.9,126.0,74.0,65.0,23.0,4,Low,True,Negative
31,24.6,100.0,67.0,58.0,18.0,6,High,True,Negative
44,30.4,90.0,63.0,40.0,22.0,5,High,False,Negative
35,25.3,101.0,75.0,69.0,23.0,5,Low,False,Negative
49,28.5,101.0,72.0,48.0,17.0,4,Low,False,Negative
38,27.4,113.0,71.0,58.0,23.0,6,Low,False,Negative
41,27.3,97.0,66.0,33.0,27.0,4,High,False,Negative
40,28.2,95.0,62.0,45.0,21.0,7,Low,False,Negative
36,30.0,138.0,78.0,44.0,26.0,8,Low,True,Positive
42,27.5,102.0,73.0,48.0,21.0,5,Low,True,Negative
39,30.0,100.0,73.0,34.0,23.0,4,Low,False,Negative
62,32.6,176.0,87.0,57.0,31.0,7,Low,True,Positive
31,28.5,100.0,68.0,51.0,28.0,3,Low,False,Negative
37,26.3,108.0,70.0,18.0,25.0,6,Low,False,Negative
37,24.9,102.0,72.0,32.0,20.0,5,Low,False,Negative
45,29.3,100.0,70.0,40.0,15.0,5,High,True,Negative
45,28.0,101.0,75.0,35.0,26.0,4,Low,False,Negative
27,29.3,119.0,77.0,60.0,22.0,5,Low,True,Negative
51,30.1,115.0,77.0,26.0,21.0,7,Low,True,Positive
29,27.5,99.0,72.0,41.0,22.0,5,Low,False,Negative
39,26.2,90.0,60.0,32.0,16.0,2,High,False,Negative
47,28.5,114.0,74.0,31.0,22.0,5,Low,False,Negative
31,25.9,90.0,60.0,58.0,23.0,4,High,False,Negative
33,27.3,108.0,72.0,31.0,22.0,5,Low,False,Negative
53,29.0,180.0,84.0,71.0,25.0,6,Low,True,Positive
34,27.8,109.0,76.0,54.0,24.0,6,Low,False,Negative
39,28.3,105.0,71.0,45.0,16.0,5,Low,False,Negative
43,28.4,104.0,75.0,57.0,28.0,6,Low,True,Positive
40,27.5,94.0,81.0,55.0,21.0,7,Low,True,Positive
61,26.4,113.0,69.0,52.0,29.0,7,Low,True,Positive
44,29.9,109.0,73.0,62.0,26.0,4,Low,True,Negative
39,33.4,106.0,65.0,38.0,24.0,4,Low,False,Negative
41,32.9,105.0,79.0,58.0,21.0,8,Low,False,Negative
42,25.7,113.0,70.0,56.0,20.0,6,Low,False,Negative
32,30.6,106.0,77.0,44.0,21.0,4,Low,False,Negative
49,26.6,102.0,76.0,33.0,19.0,4,Low,False,Negative
33,33.2,86.0,74.0,43.0,27.0,6,Low,False,Negative
34,29.4,147.0,83.0,62.0,23.0,5,Low,True,Positive
47,25.2,97.0,71.0,68.0,25.0,5,High,False,Negative
49,30.0,103.0,73.0,66.0,25.0,6,Low,True,Negative
43,31.3,95.0,81.0,43.0,20.0,6,Low,True,Positive
37,26.6,99.0,78.0,36.0,26.0,6,Low,False,Negative
41,24.8,99.0,72.0,33.0,24.0,5,Low,False,Negative
51,31.2,104.0,80.0,62.0,18.0,8,Low,True,Positive
32,23.4,109.0,65.0,61.0,26.0,6,Low,False,Negative
47,26.2,80.0,76.0,73.0,18.0,5,Low,False,Negative
37,30.5,112.0,68.0,49.0,24.0,6,Low,False,Negative
62,32.7,180.0,85.0,50.0,26.0,6,Low,True,Positive
52,28.3,114.0,79.0,38.0,24.0,6,Low,True,Positive
58,31.1,114.0,79.0,9.0,22.0,8,Low,True,Negative
41,27.9,97.0,80.0,63.0,24.0,6,Low,False,Negative
52,27.1,129.0,79.0,59.0,27.0,6,Low,True,Positive
54,23.8,85.0,74.0,57.0,22.0,5,High,True,Negative
50,33.0,150.0,75.0,58.0,27.0,8,Low,True,Positive
45,29.1,113.0,72.0,35.0,29.0,6,Low,False,Negative
48,27.2,134.0,72.0,61.0,22.0,8,Low,False,Negative
30,24.0,98.0,70.0,53.0,18.0,5,High,False,Negative
37,25.1,83.0,70.0,27.0,16.0,5,High,False,Negative
38,29.6,123.0,68.0,52.0,29.0,4,Low,False,Negative
35,26.0,120.0,75.0,34.0,24.0,6,Low,True,Negative
39,27.3,102.0,76.0,65.0,25.0,6,Low,False,Negative
37,30.6,111.0,77.0,52.0,24.0,5,Low,False,Negative
44,27.0,105.0,72.0,51.0,22.0,5,Low,False,Negative
59,28.6,87.0,74.0,46.0,19.0,6,Low,True,Negative
41,31.5,89.0,68.0,59.0,22.0,7,Low,True,Negative
50,30.1,104.0,82.0,50.0,19.0,6,Low,True,Negative
48,27.1,115.0,72.0,70.0,21.0,6,Low,True,Negative
38,26.8,128.0,75.0,28.0,28.0,6,Low,False,Negative
40,26.4,118.0,76.0,45.0,28.0,4,Low,False,Negative
32,26.3,91.0,74.0,19.0,26.0,5,High,False,Negative
51,28.7,92.0,80.0,28.0,28.0,5,Low,False,Negative
49,29.0,92.0,76.0,40.0,14.0,5,High,False,Negative
30,26.8,103.0,81.0,28.0,24.0,6,Low,True,Positive
32,27.7,93.0,74.0,53.0,26.0,3,Low,False,Negative
41,27.9,111.0,74.0,38.0,21.0,5,Low,False,Negative
46,21.5,103.0,70.0,55.0,22.0,5,Low,False,Negative
25,28.9,80.0,70.0,46.0,24.0,4,Moderate,False,Negative
46,30.0,100.0,81.0,58.0,23.0,5,Low,True,Negative
42,29.1,97.0,72.0,54.0,16.0,3,Low,False,Negative
51,31.0,82.0,77.0,38.0,20.0,5,Low,True,Negative
45,26.9,104.0,68.0,51.0,20.0,7,Low,False,Negative
48,33.3,122.0,80.0,63.0,21.0,8,Low,True,Positive
51,29.1,85.0,78.0,42.0,21.0,6,Low,False,Negative
39,25.7,103.0,79.0,71.0,23.0,7,Low,False,Negative
30,30.3,124.0,70.0,47.0,26.0,7,Low,False,Negative
39,24.9,81.0,70.0,37.0,22.0,5,High,False,Negative
51,26.6,83.0,74.0,53.0,24.0,5,High,False,Negative
39,33.2,110.0,74.0,47.0,17.0,7,Low,False,Negative
42,24.3,103.0,70.0,37.0,28.0,5,Low,False,Negative
46,27.9,124.0,69.0,56.0,26.0,7,Low,True,Positive
47,28.1,119.0,82.0,69.0,25.0,7,Low,True,Negative
38,27.9,107.0,70.0,57.0,19.0,6,Low,False,Negative
47,27.2,104.0,65.0,45.0,20.0,5,Low,False,Negative
40,24.8,106.0,77.0,51.0,12.0,5,Low,False,Negative
50,28.3,103.0,82.0,69.0,22.0,7,Low,True,Negative
42,27.5,110.0,76.0,57.0,20.0,5,Low,False,Negative
43,27.3,98.0,71.0,42.0,14.0,4,Moderate,False,Negative
52,35.7,113.0,83.0,58.0,27.0,7,Low,True,Positive
30,24.5,97.0,75.0,49.0,19.0,5,Low,False,Negative
46,31.9,99.0,79.0,47.0,23.0,6,Low,True,Negative
52,29.5,137.0,79.0,48.0,16.0,7,High,True,Negative
36,27.1,102.0,77.0,57.0,25.0,5,Low,False,Negative
34,24.8,89.0,68.0,41.0,23.0,5,High,False,Negative
34,27.3,109.0,66.0,41.0,23.0,3,Low,False,Negative
46,23.9,103.0,70.0,36.0,21.0,5,Low,False,Negative
33,30.5,103.0,76.0,33.0,23.0,6,High,True,Negative
26,22.8,89.0,71.0,69.0,20.0,5,Moderate,False,Negative
45,26.2,106.0,65.0,20.0,19.0,4,High,False,Negative
27,30.0,94.0,74.0,30.0,24.0,4,High,False,Negative
50,31.8,178.0,78.0,75.0,29.0,6,Low,True,Positive
39,28.7,92.0,70.0,50.0,24.0,6,Low,True,Negative
41,27.1,148.0,79.0,58.0,28.0,6,Low,True,Positive
44,31.6,107.0,76.0,66.0,23.0,5,Low,False,Negative
44,27.3,116.0,79.0,46.0,20.0,6,Low,True,Negative
34,25.1,105.0,72.0,35.0,23.0,3,Moderate,False,Negative
50,28.9,104.0,80.0,76.0,23.0,6,Low,True,Positive
40,25.9,90.0,63.0,60.0,26.0,6,Low,False,Negative
57,32.6,168.0,86.0,250.0,31.0,5,Low,True,Positive
37,33.7,91.0,77.0,46.0,30.0,5,Low,True,Negative
38,24.6,100.0,72.0,54.0,21.0,3,Low,False,Negative
39,22.4,89.0,69.0,14.0,17.0,4,High,False,Negative
34,25.3,90.0,72.0,47.0,24.0,4,High,False,Negative
45,28.6,127.0,78.0,91.0,23.0,8,Low,True,Positive
46,31.1,95.0,75.0,69.0,18.0,6,Low,False,Negative
25,32.8,101.0,74.0,36.0,24.0,4,Low,False,Negative
29,26.0,92.0,71.0,30.0,15.0,3,Moderate,False,Negative
39,25.3,93.0,67.0,44.0,18.0,4,High,False,Negative
31,27.6,93.0,75.0,42.0,13.0,7,Low,False,Negative
38,26.3,100.0,72.0,45.0,28.0,4,Moderate,False,Negative
40,26.0,107.0,77.0,41.0,23.0,7,Low,True,Negative
34,25.6,107.0,67.0,57.0,24.0,5,High,True,Negative
33,27.5,91.0,84.0,19.0,19.0,5,Low,False,Negative
48,28.0,141.0,76.0,50.0,21.0,5,Low,True,Positive
37,26.0,94.0,65.0,58.0,17.0,5,Moderate,False,Negative
45,27.0,116.0,79.0,33.0,20.0,7,Low,True,Positive
44,29.2,110.0,61.0,26.0,16.0,2,Low,False,Negative
47,34.4,157.0,74.0,207.0,27.0,8,Low,True,Positive
38,29.7,106.0,72.0,66.0,24.0,5,Low,False,Negative
41,30.8,110.0,70.0,56.0,23.0,5,Low,True,Negative
46,27.4,98.0,63.0,63.0,18.0,4,Low,False,Negative
42,30.6,95.0,70.0,42.0,19.0,7,Low,True,Negative
40,30.4,109.0,76.0,54.0,20.0,7,Low,False,Negative
55,22.4,93.0,65.0,33.0,25.0,5,Low,True,Negative
40,30.8,102.0,61.0,43.0,16.0,4,Low,False,Negative
38,30.6,109.0,75.0,52.0,14.0,5,Low,False,Negative
40,31.8,104.0,75.0,60.0,19.0,5,Low,True,Negative
38,25.5,93.0,67.0,60.0,29.0,6,Low,False,Negative
43,26.3,112.0,77.0,46.0,24.0,5,Low,False,Negative
44,27.9,125.0,75.0,59.0,26.0,4,Low,True,Negative
42,26.7,111.0,72.0,35.0,29.0,5,Low,False,Negative
35,25.5,101.0,74.0,54.0,14.0,4,Low,False,Negative
43,30.1,107.0,77.0,70.0,12.0,7,Low,True,Positive
27,23.1,100.0,68.0,38.0,22.0,3,Moderate,False,Negative
47,24.6,107.0,74.0,34.0,20.0,5,Low,True,Negative
25,23.9,89.0,72.0,38.0,23.0,5,Moderate,False,Negative
48,24.0,96.0,72.0,23.0,24.0,7,Low,False,Negative
53,27.4,93.0,70.0,66.0,30.0,6,Low,True,Positive
50,28.5,92.0,73.0,49.0,17.0,5,Low,True,Negative
48,31.9,143.0,74.0,65.0,16.0,6,Low,True,Negative
41,27.2,108.0,74.0,54.0,20.0,6,Low,True,Negative
29,27.9,115.0,70.0,43.0,26.0,4,Low,False,Negative
57,26.5,109.0,78.0,48.0,28.0,6,Low,True,Positive
43,31.7,117.0,83.0,74.0,20.0,7,Low,True,Positive
26,27.7,104.0,74.0,48.0,19.0,6,Low,False,Negative
39,25.0,108.0,72.0,50.0,16.0,6,Low,False,Negative
57,29.0,120.0,75.0,59.0,26.0,5,Low,True,Negative
40,26.5,119.0,70.0,35.0,25.0,2,Low,False,Negative
43,28.9,106.0,78.0,57.0,21.0,5,Low,False,Negative
42,27.3,107.0,68.0,44.0,15.0,4,High,True,Negative
39,28.1,97.0,79.0,34.0,22.0,7,Low,False,Negative
50,29.5,98.0,67.0,81.0,24.0,5,Low,True,Negative
43,27.0,98.0,79.0,49.0,17.0,4,Low,True,Negative
37,27.7,112.0,76.0,37.0,16.0,6,Low,False,Negative
42,24.9,110.0,71.0,57.0,19.0,4,High,False,Negative
44,24.6,102.0,70.0,15.0,20.0,6,Low,False,Negative
48,29.3,122.0,73.0,54.0,27.0,7,Low,False,Positive
49,30.8,93.0,74.0,47.0,23.0,5,Low,False,Negative
42,27.9,109.0,75.0,41.0,22.0,3,Low,True,Negative
37,25.4,113.0,67.0,35.0,25.0,5,Low,False,Negative
43,27.5,88.0,78.0,69.0,19.0,6,Low,True,Negative
50,32.1,108.0,81.0,60.0,22.0,6,Low,True,Negative
46,27.7,119.0,74.0,53.0,17.0,7,Low,False,Negative
43,25.5,95.0,68.0,36.0,16.0,5,High,False,Negative
47,28.2,138.0,79.0,77.0,31.0,8,Low,True,Positive
40,25.2,119.0,78.0,34.0,17.0,8,Low,False,Negative
44,29.2,91.0,74.0,58.0,21.0,4,High,True,Negative
45,24.2,90.0,64.0,41.0,18.0,4,High,False,Negative
45,32.1,98.0,75.0,38.0,25.0,4,Low,True,Negative
25,27.6,89.0,71.0,36.0,20.0,4,High,False,Negative
60,30.2,109.0,71.0,47.0,23.0,5,Low,True,Positive
37,31.0,98.0,72.0,38.0,19.0,4,Low,False,Negative
29,29.0,98.0,68.0,46.0,27.0,5,Moderate,False,Negative
36,21.6,96.0,67.0,35.0,17.0,4,High,False,Negative
52,29.4,113.0,73.0,44.0,21.0,5,Low,False,Negative
45,28.1,114.0,76.0,36.0,16.0,7,Low,False,Negative
57,29.3,106.0,71.0,51.0,20.0,5,Low,False,Negative
46,29.7,106.0,73.0,50.0,24.0,5,Low,False,Negative
41,25.5,108.0,69.0,34.0,19.0,4,Low,False,Negative
43,29.5,108.0,69.0,25.0,19.0,3,High,False,Negative
35,25.7,108.0,78.0,28.0,30.0,6,Low,False,Negative
43,27.4,121.0,68.0,52.0,27.0,6,Low,False,Negative
32,30.1,103.0,70.0,52.0,26.0,6,Low,False,Negative
29,21.7,80.0,74.0,41.0,25.0,4,High,False,Negative
52,32.9,176.0,81.0,80.0,33.0,7,Low,True,Positive
47,27.4,106.0,78.0,71.0,23.0,6,Low,True,Negative
48,28.7,120.0,73.0,44.0,22.0,6,Low,False,Negative
39,28.2,93.0,69.0,50.0,27.0,4,Low,False,Negative
38,28.1,112.0,80.0,65.0,15.0,5,Low,False,Negative
35,23.0,107.0,69.0,46.0,22.0,4,Moderate,False,Negative
45,28.3,93.0,68.0,30.0,16.0,5,Low,False,Negative
34,28.7,97.0,73.0,40.0,22.0,5,Low,False,Negative
38,23.5,80.0,76.0,63.0,19.0,5,Low,False,Negative
38,25.5,117.0,71.0,39.0,16.0,6,Low,False,Negative
50,30.9,109.0,82.0,38.0,20.0,3,Low,False,Negative
31,26.0,125.0,74.0,61.0,21.0,5,Low,True,Negative
40,25.9,98.0,78.0,38.0,29.0,6,Low,False,Negative
29,24.5,80.0,65.0,52.0,19.0,3,High,False,Negative
53,26.6,128.0,78.0,57.0,27.0,5,Low,True,Negative
33,25.3,87.0,76.0,48.0,17.0,4,Low,False,Negative
32,22.2,98.0,70.0,39.0,19.0,4,Low,False,Negative
43,31.0,99.0,86.0,49.0,29.0,6,Low,True,Negative
44,27.5,109.0,73.0,45.0,26.0,6,Low,False,Negative
44,27.3,85.0,68.0,43.0,24.0,6,Low,False,Negative
44,27.3,99.0,73.0,51.0,22.0,4,Low,False,Negative
45,28.5,107.0,79.0,58.0,26.0,6,Low,False,Negative
40,27.8,103.0,76.0,37.0,24.0,6,Low,False,Negative
55,29.9,128.0,74.0,57.0,18.0,7,Low,True,Positive
32,25.1,103.0,67.0,49.0,18.0,3,Moderate,False,Negative
48,27.8,120.0,81.0,40.0,15.0,5,Low,True,Negative
37,30.1,113.0,71.0,67.0,19.0,4,Low,False,Negative
27,30.1,106.0,73.0,53.0,19.0,5,High,False,Negative
43,27.9,95.0,75.0,52.0,16.0,5,Low,False,Negative
38,24.4,102.0,81.0,39.0,26.0,6,Low,True,Negative
31,33.1,92.0,73.0,27.0,21.0,6,Low,False,Negative
39,26.2,104.0,71.0,50.0,22.0,4,Low,False,Negative
39,25.2,132.0,74.0,50.0,23.0,6,Low,False,Negative
41,25.9,104.0,76.0,33.0,18.0,4,Low,False,Negative
45,26.4,110.0,79.0,60.0,18.0,4,Low,True,Negative
60,25.7,100.0,68.0,69.0,25.0,4,High,False,Negative
51,29.3,99.0,76.0,64.0,19.0,6,Low,True,Positive
38,23.1,88.0,65.0,34.0,16.0,3,High,False,Negative
35,28.6,106.0,78.0,54.0,27.0,6,Low,False,Negative
53,28.8,105.0,80.0,64.0,21.0,7,Low,True,Negative
31,27.2,101.0,69.0,37.0,31.0,5,High,False,Negative
36,27.2,108.0,72.0,48.0,21.0,4,Low,False,Negative
30,24.4,89.0,63.0,40.0,17.0,3,Moderate,False,Negative
56,28.0,124.0,69.0,52.0,23.0,6,Low,True,Negative
52,30.0,106.0,76.0,28.0,16.0,6,Low,True,Negative
32,30.4,108.0,72.0,56.0,27.0,3,Low,False,Negative
49,30.1,87.0,77.0,68.0,21.0,5,Low,True,Negative
50,28.3,101.0,85.0,62.0,23.0,4,Low,False,Negative
40,26.7,106.0,73.0,22.0,21.0,4,Low,False,Negative
41,27.5,97.0,75.0,49.0,24.0,6,Low,False,Negative
42,29.2,93.0,76.0,57.0,21.0,6,Low,False,Negative
43,28.7,94.0,78.0,27.0,25.0,6,Low,True,Negative
40,29.5,97.0,71.0,46.0,23.0,5,Low,False,Negative
27,23.9,125.0,70.0,22.0,18.0,5,Low,False,Negative
52,23.7,111.0,77.0,42.0,25.0,8,Low,True,Negative
43,32.7,166.0,76.0,55.0,31.0,6,Low,True,Positive
54,27.9,103.0,77.0,30.0,19.0,5,Low,True,Negative
57,28.1,117.0,85.0,62.0,26.0,8,Low,True,Positive
39,26.1,108.0,76.0,49.0,27.0,4,Low,True,Negative
46,29.6,102.0,74.0,20.0,24.0,4,Low,True,Negative
34,29.5,112.0,72.0,50.0,20.0,5,Low,True,Negative
47,27.5,124.0,72.0,46.0,25.0,6,Low,True,Negative
51,30.9,136.0,73.0,54.0,24.0,7,High,True,Positive
34,32.4,139.0,90.0,49.0,24.0,7,Low,True,Positive
52,27.0,120.0,70.0,39.0,10.0,5,Low,False,Negative
35,30.4,98.0,77.0,59.0,28.0,5,Low,True,Negative
25,25.3,102.0,68.0,36.0,19.0,5,High,False,Negative
46,26.5,117.0,76.0,68.0,29.0,5,Low,True,Negative
42,30.3,117.0,80.0,45.0,28.0,5,Low,True,Positive
28,27.2,106.0,77.0,41.0,26.0,5,High,False,Negative
30,29.0,95.0,68.0,38.0,16.0,3,Low,False,Negative
35,26.6,84.0,76.0,57.0,16.0,4,Low,False,Negative
28,30.1,80.0,71.0,49.0,21.0,7,High,False,Negative
51,31.2,155.0,83.0,61.0,33.0,8,Low,True,Positive
61,29.3,99.0,81.0,71.0,26.0,5,Low,True,Positive
49,30.0,107.0,78.0,45.0,18.0,5,Low,True,Positive
56,33.6,151.0,71.0,78.0,25.0,6,Low,True,Positive
38,26.6,112.0,74.0,53.0,23.0,5,Low,False,Negative
46,29.0,103.0,76.0,44.0,21.0,6,Low,False,Negative
25,29.7,112.0,72.0,23.0,23.0,7,Low,True,Negative
44,28.1,80.0,74.0,47.0,15.0,5,High,False,Negative
32,30.7,94.0,71.0,49.0,20.0,5,Low,False,Negative
33,32.3,111.0,74.0,51.0,23.0,7,Low,True,Negative
34,28.2,103.0,71.0,59.0,13.0,4,Low,False,Negative
41,28.0,97.0,73.0,48.0,22.0,7,High,True,Negative
40,28.0,101.0,77.0,59.0,23.0,4,Low,False,Negative
44,29.3,109.0,82.0,67.0,18.0,6,Low,False,Negative
44,34.3,131.0,86.0,168.0,28.0,8,High,True,Positive
46,29.6,98.0,71.0,52.0,18.0,4,Low,False,Negative
59,32.9,159.0,76.0,75.0,34.0,7,Low,True,Positive
42,27.4,92.0,75.0,43.0,22.0,5,Low,True,Negative
33,30.8,93.0,73.0,47.0,20.0,5,Low,False,Negative
34,28.4,103.0,66.0,43.0,20.0,6,Low,False,Negative
30,24.6,89.0,70.0,41.0,17.0,4,High,False,Negative
62,29.4,112.0,81.0,66.0,27.0,6,Low,True,Positive
34,31.2,118.0,70.0,22.0,27.0,6,Low,False,Negative
62,31.0,121.0,74.0,68.0,22.0,4,Low,True,Positive
52,30.8,87.0,72.0,28.0,26.0,4,Low,True,Negative
25,27.9,117.0,81.0,53.0,21.0,7,Low,True,Negative
38,31.2,124.0,73.0,58.0,27.0,6,Low,True,Negative
42,28.1,109.0,79.0,52.0,25.0,6,Low,True,Negative
48,33.9,111.0,82.0,33.0,28.0,7,Low,True,Positive
43,29.8,107.0,77.0,50.0,21.0,5,Low,False,Negative
38,29.7,112.0,73.0,32.0,18.0,7,Low,False,Negative
38,28.8,102.0,69.0,49.0,13.0,5,Low,False,Negative
45,28.9,122.0,70.0,42.0,21.0,8,Low,True,Negative
30,26.1,98.0,70.0,37.0,30.0,4,High,True,Negative
54,27.7,129.0,77.0,55.0,22.0,6,Low,False,Negative
44,28.9,101.0,75.0,50.0,28.0,6,Low,True,Negative
44,24.8,97.0,80.0,42.0,21.0,5,Low,False,Negative
42,26.6,116.0,71.0,66.0,18.0,4,Low,False,Negative
47,28.4,106.0,74.0,57.0,27.0,5,Low,False,Negative
38,27.3,109.0,75.0,49.0,27.0,6,Low,False,Negative
60,23.4,103.0,81.0,41.0,21.0,4,Low,True,Positive
55,29.9,120.0,77.0,63.0,21.0,5,Low,True,Negative
41,30.0,100.0,73.0,56.0,29.0,5,Low,True,Negative
54,28.9,119.0,77.0,34.0,20.0,7,Low,False,Negative
48,32.0,114.0,83.0,63.0,29.0,8,Low,True,Positive
36,26.7,85.0,66.0,71.0,17.0,6,Low,False,Negative
38,28.0,86.0,71.0,67.0,18.0,6,Low,False,Negative
40,27.1,115.0,83.0,52.0,26.0,5,Low,True,Negative
30,28.4,112.0,69.0,60.0,23.0,4,Low,False,Negative
50,27.1,99.0,77.0,45.0,21.0,6,Low,False,Negative
42,28.7,99.0,76.0,50.0,23.0,6,Low,False,Negative
32,27.2,104.0,73.0,49.0,28.0,3,Low,False,Negative
40,28.5,97.0,65.0,39.0,12.0,6,Low,False,Negative
31,28.7,91.0,70.0,48.0,23.0,5,Low,False,Negative
37,29.6,118.0,67.0,48.0,16.0,4,Low,False,Negative
44,29.8,99.0,68.0,36.0,22.0,4,Low,False,Negative
37,29.9,176.0,72.0,63.0,29.0,5,Low,True,Positive
38,27.1,90.0,76.0,58.0,24.0,6,Low,False,Negative
44,30.9,127.0,75.0,29.0,23.0,7,Low,False,Negative
40,24.3,96.0,73.0,32.0,31.0,6,Low,True,Negative
35,26.9,99.0,76.0,45.0,23.0,4,Low,False,Negative
